insert into users (username, contact_num, password, name, email) values ('deverix0', '68722622', '$2b$10$nD3nK6.VrfGkZXwcqm/uGO50qbaNG69fsvekjOf./85vkmn.o5fRi', 'Donn Everix', 'deverix0@intel.com');
insert into users (username, contact_num, password, name, email) values ('emacneilage1', '65622831', '$2b$10$nD3nK6.VrfGkZXwcqm/uGO50qbaNG69fsvekjOf./85vkmn.o5fRi', 'Erica MacNeilage', 'emacneilage1@homestead.com');
insert into users (username, contact_num, password, name, email) values ('bbeare2', '63833373', '$2b$10$nD3nK6.VrfGkZXwcqm/uGO50qbaNG69fsvekjOf./85vkmn.o5fRi', 'Benedetta Beare', 'bbeare2@slideshare.net');
insert into users (username, contact_num, password, name, email) values ('fgarnul3', '99655305', '$2b$10$nD3nK6.VrfGkZXwcqm/uGO50qbaNG69fsvekjOf./85vkmn.o5fRi', 'Frankie Garnul', 'fgarnul3@cbsnews.com');
insert into users (username, contact_num, password, name, email) values ('lverne4', '93442552', '$2b$10$nD3nK6.VrfGkZXwcqm/uGO50qbaNG69fsvekjOf./85vkmn.o5fRi', 'La verne Wyman', 'lverne4@yahoo.co.jp');
insert into users (username, contact_num, password, name, email) values ('kjakoubec5', '98364620', '$2b$10$nD3nK6.VrfGkZXwcqm/uGO50qbaNG69fsvekjOf./85vkmn.o5fRi', 'Kerstin Jakoubec', 'kjakoubec5@angelfire.com');
insert into users (username, contact_num, password, name, email) values ('glefwich6', '64250856', '$2b$10$nD3nK6.VrfGkZXwcqm/uGO50qbaNG69fsvekjOf./85vkmn.o5fRi', 'Golda Lefwich', 'glefwich6@japanpost.jp');
insert into users (username, contact_num, password, name, email) values ('khuggins7', '60154704', '$2b$10$nD3nK6.VrfGkZXwcqm/uGO50qbaNG69fsvekjOf./85vkmn.o5fRi', 'Kevon Huggins', 'khuggins7@hatena.ne.jp');
insert into users (username, contact_num, password, name, email) values ('mpepperrall8', '92956834', '$2b$10$nD3nK6.VrfGkZXwcqm/uGO50qbaNG69fsvekjOf./85vkmn.o5fRi', 'Maureene Pepperrall', 'mpepperrall8@yahoo.co.jp');
insert into users (username, contact_num, password, name, email) values ('lbinny9', '90610892', '$2b$10$nD3nK6.VrfGkZXwcqm/uGO50qbaNG69fsvekjOf./85vkmn.o5fRi', 'Laurette Binny', 'lbinny9@mit.edu');
insert into users (username, contact_num, password, name, email) values ('acallera', '91625276', '$2b$10$nD3nK6.VrfGkZXwcqm/uGO50qbaNG69fsvekjOf./85vkmn.o5fRi', 'Ardyce Caller', 'acallera@bizjournals.com');
insert into users (username, contact_num, password, name, email) values ('dfridayb', '99500239', '$2b$10$nD3nK6.VrfGkZXwcqm/uGO50qbaNG69fsvekjOf./85vkmn.o5fRi', 'Domenic Friday', 'dfridayb@sfgate.com');
insert into users (username, contact_num, password, name, email) values ('ashipperbottomc', '96120590', '$2b$10$nD3nK6.VrfGkZXwcqm/uGO50qbaNG69fsvekjOf./85vkmn.o5fRi', 'Aldrich Shipperbottom', 'ashipperbottomc@nbcnews.com');
insert into users (username, contact_num, password, name, email) values ('agobled', '94223116', '$2b$10$nD3nK6.VrfGkZXwcqm/uGO50qbaNG69fsvekjOf./85vkmn.o5fRi', 'Antonio Goble', 'agobled@cmu.edu');
insert into users (username, contact_num, password, name, email) values ('rshilvocke', '94560732', '$2b$10$nD3nK6.VrfGkZXwcqm/uGO50qbaNG69fsvekjOf./85vkmn.o5fRi', 'Robbi Shilvock', 'rshilvocke@whitehouse.gov');
insert into users (username, contact_num, password, name, email) values ('dspurretf', '92857392', '$2b$10$nD3nK6.VrfGkZXwcqm/uGO50qbaNG69fsvekjOf./85vkmn.o5fRi', 'Derrick Spurret', 'dspurretf@exblog.jp');
insert into users (username, contact_num, password, name, email) values ('lloadwickg', '63810070', '$2b$10$nD3nK6.VrfGkZXwcqm/uGO50qbaNG69fsvekjOf./85vkmn.o5fRi', 'Lari Loadwick', 'lloadwickg@mediafire.com');
insert into users (username, contact_num, password, name, email) values ('jmaddysonh', '64654243', '$2b$10$nD3nK6.VrfGkZXwcqm/uGO50qbaNG69fsvekjOf./85vkmn.o5fRi', 'Joana Maddyson', 'jmaddysonh@privacy.gov.au');
insert into users (username, contact_num, password, name, email) values ('gniavei', '98748422', '$2b$10$nD3nK6.VrfGkZXwcqm/uGO50qbaNG69fsvekjOf./85vkmn.o5fRi', 'Gardy Niave', 'gniavei@japanpost.jp');
insert into users (username, contact_num, password, name, email) values ('aachesonj', '98092940', '$2b$10$nD3nK6.VrfGkZXwcqm/uGO50qbaNG69fsvekjOf./85vkmn.o5fRi', 'Amory Acheson', 'aachesonj@indiegogo.com');
insert into users (username, contact_num, password, name, email) values ('sollicitudin', '56535746', '$2b$10$nD3nK6.VrfGkZXwcqm/uGO50qbaNG69fsvekjOf./85vkmn.o5fRi', 'Curran', 'augue@nullaDonec.co.uk');
insert into users (username, contact_num, password, name, email) values ('accumsan', '85980973', '$2b$10$nD3nK6.VrfGkZXwcqm/uGO50qbaNG69fsvekjOf./85vkmn.o5fRi', 'Amethyst', 'Vestibulum.ante@id.net');
insert into users (username, contact_num, password, name, email) values ('lacinia' , '16093392', '$2b$10$nD3nK6.VrfGkZXwcqm/uGO50qbaNG69fsvekjOf./85vkmn.o5fRi', 'Travis', 'odio.semper@magnaDuisdignissim.org');
insert into users (username, contact_num, password, name, email) values ('dignissim', '78295090', '$2b$10$nD3nK6.VrfGkZXwcqm/uGO50qbaNG69fsvekjOf./85vkmn.o5fRi', 'Elton', 'iaculis.quis.pede@aliquamenim.ca');
insert into users (username, contact_num, password, name, email) values ('praesen' , '21443907', '$2b$10$nD3nK6.VrfGkZXwcqm/uGO50qbaNG69fsvekjOf./85vkmn.o5fRi', 'Amir', 'dapibus.rutrum@venenatis.net');



/* PCS Admin Users*/
insert into users (username, contact_num, password, name, email) values ('tbryan9', '91100539', '$2b$10$nD3nK6.VrfGkZXwcqm/uGO50qbaNG69fsvekjOf./85vkmn.o5fRi', 'Tomasina Bryan', 'tbryan9@state.gov');
insert into users (username, contact_num, password, name, email) values ('agloyensa', '95620736', '$2b$10$nD3nK6.VrfGkZXwcqm/uGO50qbaNG69fsvekjOf./85vkmn.o5fRi', 'Annmaria Gloyens', 'agloyensa@wordpress.com');
insert into users (username, contact_num, password, name, email) values ('miannellob', '92087627', '$2b$10$nD3nK6.VrfGkZXwcqm/uGO50qbaNG69fsvekjOf./85vkmn.o5fRi', 'Marlene Iannello', 'miannellob@fema.gov');
insert into users (username, contact_num, password, name, email) values ('wrosemanc', '91663326', '$2b$10$nD3nK6.VrfGkZXwcqm/uGO50qbaNG69fsvekjOf./85vkmn.o5fRi', 'Winfred Roseman', 'wrosemanc@craigslist.org');
insert into users (username, contact_num, password, name, email) values ('hmayzed', '97925679', '$2b$10$nD3nK6.VrfGkZXwcqm/uGO50qbaNG69fsvekjOf./85vkmn.o5fRi', 'Hurleigh Mayze', 'hmayzed@toplist.cz');
insert into users (username, contact_num, password, name, email) values ('srummerye', '90497815', '$2b$10$nD3nK6.VrfGkZXwcqm/uGO50qbaNG69fsvekjOf./85vkmn.o5fRi', 'Sigfried Rummery', 'srummerye@aboutads.info');
insert into users (username, contact_num, password, name, email) values ('fpalumbof', '92455157', '$2b$10$nD3nK6.VrfGkZXwcqm/uGO50qbaNG69fsvekjOf./85vkmn.o5fRi', 'Ferd Palumbo', 'fpalumbof@cornell.edu');
insert into users (username, contact_num, password, name, email) values ('chanfreyg', '97925679', '$2b$10$nD3nK6.VrfGkZXwcqm/uGO50qbaNG69fsvekjOf./85vkmn.o5fRi', 'Carline Hanfrey', 'chanfreyg@mapy.cz');
insert into users (username, contact_num, password, name, email) values ('pbrahanh', '90497815', '$2b$10$nD3nK6.VrfGkZXwcqm/uGO50qbaNG69fsvekjOf./85vkmn.o5fRi', 'Patty Brahan', 'pbrahanh@trellian.com');
insert into users (username, contact_num, password, name, email) values ('pgornari', '94337642', '$2b$10$nD3nK6.VrfGkZXwcqm/uGO50qbaNG69fsvekjOf./85vkmn.o5fRi', 'Philippine Gornar', 'pgornari@seesaa.net');
insert into users (username, contact_num, password, name, email) values ('ornare', '91100539', '$2b$10$nD3nK6.VrfGkZXwcqm/uGO50qbaNG69fsvekjOf./85vkmn.o5fRi', 'Ornare', 'o@state.gov');
insert into users (username, contact_num, password, name, email) values ('ligula', '91100539', '$2b$10$nD3nK6.VrfGkZXwcqm/uGO50qbaNG69fsvekjOf./85vkmn.o5fRi', 'ligula', 'll@state.gov');
insert into users (username, contact_num, password, name, email) values ('sociosqu', '91100539', '$2b$10$nD3nK6.VrfGkZXwcqm/uGO50qbaNG69fsvekjOf./85vkmn.o5fRi', 'sociosqu', 'sociosqu@state.gov');
insert into users (username, contact_num, password, name, email) values ('blandit', '91100539', '$2b$10$nD3nK6.VrfGkZXwcqm/uGO50qbaNG69fsvekjOf./85vkmn.o5fRi', 'blandit', 'bland@state.gov');
insert into users (username, contact_num, password, name, email) values ('facilisis', '91100539', '$2b$10$nD3nK6.VrfGkZXwcqm/uGO50qbaNG69fsvekjOf./85vkmn.o5fRi', 'facilisis', 'fff@state.gov');



insert into pet_owner (username, card_cvc, card_name, card_no, card_brand, area) values ('deverix0', '314', 'Donn Everix', '561013598073204074', 'china-unionpay', 'Bishan');
insert into pet_owner (username, card_cvc, card_name, card_no, card_brand, area) values ('emacneilage1', '497', 'Erica MacNeilage', '3580093464312583', 'jcb', 'Ang Mo Kio');
insert into pet_owner (username, card_cvc, card_name, card_no, card_brand, area) values ('bbeare2', '804', 'Benedetta Beare', '4913404103214872', 'visa-electron', 'Bedok');
insert into pet_owner (username, card_cvc, card_name, card_no, card_brand, area) values ('fgarnul3', '176', 'Frankie Garnul', '3583668866561296', 'jcb', 'Tampines');
insert into pet_owner (username, card_cvc, card_name, card_no, card_brand, area) values ('lverne4', '878', 'La verne Wyman', '3580961744595906', 'jcb', 'Bishan');
insert into pet_owner (username, card_cvc, card_name, card_no, card_brand, area) values ('kjakoubec5', '231', 'Kerstin Jakoubec', '30107056854562', 'diners-club-carte-blanche', 'Bedok');
insert into pet_owner (username, card_cvc, card_name, card_no, card_brand, area) values ('glefwich6', '008', 'Golda Lefwich', '5038321389695896', 'maestro', 'Ang Mo Kio');
insert into pet_owner (username, card_cvc, card_name, card_no, card_brand, area) values ('khuggins7', '698', 'Kevon Huggins', '4041375735209677', 'visa', 'Serangoon');
insert into pet_owner (username, card_cvc, card_name, card_no, card_brand, area) values ('mpepperrall8', '575', 'Maureene Pepperrall', '5100171773023640', 'mastercard', 'Tampines');
insert into pet_owner (username, card_cvc, card_name, card_no, card_brand, area) values ('lbinny9', '529', 'Laurette Binny', '3542752821543563', 'jcb', 'Jurong');

insert into pet_owner (username, card_cvc, card_name, card_no, card_brand, area) values ('acallera', '671', 'Ardyce Caller', '6334825777613164618', 'solo', 'Tampines');
insert into pet_owner (username, card_cvc, card_name, card_no, card_brand, area) values ('dfridayb', '333', 'Domenic Friday', '30341670212028', 'diners-club-carte-blanche', 'Serangoon');
insert into pet_owner (username, card_cvc, card_name, card_no, card_brand, area) values ('ashipperbottomc', '020', 'Aldrich Shipperbottom', '372301462785686', 'americanexpress', 'Jurong');
insert into pet_owner (username, card_cvc, card_name, card_no, card_brand, area) values ('agobled', '663', 'Antonio Goble', '5602249225848674', 'bankcard', 'Bishan');
insert into pet_owner (username, card_cvc, card_name, card_no, card_brand, area) values ('rshilvocke', '411', 'Robbi Shilvock', '3580522060254732', 'jcb', 'Serangoon');
insert into pet_owner (username, card_cvc, card_name, card_no, card_brand, area) values ('dspurretf', '265', 'Derrick Spurret', '5602231431903048', 'bankcard', 'Yishun');
insert into pet_owner (username, card_cvc, card_name, card_no, card_brand, area) values ('lloadwickg', '698', 'Lari Loadwick', '6304686441103658', 'maestro', 'Yishun');
insert into pet_owner (username, card_cvc, card_name, card_no, card_brand, area) values ('jmaddysonh', '868', 'Joana Maddyson', '3544120457323783', 'jcb', 'Jurong');
insert into pet_owner (username, card_cvc, card_name, card_no, card_brand, area) values ('gniavei', '965', 'Gardy Niave', '3572529233697341', 'jcb', 'Ang Mo Kio');
insert into pet_owner (username, card_cvc, card_name, card_no, card_brand, area) values ('aachesonj', '834', 'Amory Acheson', '5602256600683964', 'bankcard', 'Bedok');

insert into pet_owner (username, card_cvc, card_name, card_no, card_brand, area) values ('sollicitudin', '188', 'Curran', '8473202436993158', 'jcb', 'Ang Mo Kio');
insert into pet_owner (username, card_cvc, card_name, card_no, card_brand, area) values ('accumsan', '234', 'Amethyst', '9173949656024140', 'visa-electron', 'Bedok');
insert into pet_owner (username, card_cvc, card_name, card_no, card_brand, area) values ('lacinia' , '767' , 'Travis', '3758661669831373', 'jcb', 'Tampines');
insert into pet_owner (username, card_cvc, card_name, card_no, card_brand, area) values ('praesen' , '667', 'Amir',  '2944268646280201', 'jcb', 'Bishan');
insert into pet_owner (username, card_cvc, card_name, card_no, card_brand, area) values ('dignissim', '098', 'Elton', '4414282914434328', 'diners-club-carte-blanche', 'Bedok');


INSERT INTO care_taker (username, ctype, area) VALUES 
('acallera', 'Full Time','Tampines'),
('dfridayb', 'Full Time','Serangoon'),
('ashipperbottomc', 'Full Time','Jurong'),
('agobled', 'Full Time','Bishan'),
('rshilvocke', 'Full Time','Serangoon'),
('dspurretf', 'Part Time','Yishun'),
('lloadwickg', 'Part Time','Yishun'),
('jmaddysonh', 'Part Time','Jurong'),
('gniavei', 'Part Time','Ang Mo Kio'),
('aachesonj', 'Part Time','Bedok'),
('sollicitudin','Full Time','Serangoon'),
('accumsan', 'Part Time','Yishun'),
('lacinia', 'Part Time','Yishun'),
('dignissim', 'Part Time','Jurong'),
('praesen', 'Part Time','Ang Mo Kio');



insert into pcs_admin (username) values ('ornare'), ('ligula'), ('sociosqu'), ('blandit'), ('facilisis'),('tbryan9'), ('agloyensa'), ('miannellob'), ('wrosemanc'), ('hmayzed'), ('srummerye'), ('fpalumbof'), ('chanfreyg'), ('pbrahanh'), ('pgornari');

INSERT INTO owns_pet (pet_owner_username, name, ptype, sp_req) VALUES
('deverix0', 'Milo', 'Dog', 'None'),
('fgarnul3', 'Charlie', 'Dog', 'Low Fat Diet'),
('glefwich6', 'Luna', 'Dog', 'None'),
('khuggins7', 'Max', 'Dog', 'None'),
('lbinny9', 'Bailey', 'Dog', 'Low Carbohydrate Diet'),
('bbeare2', 'Cooper', 'Dog', 'None'),
('lverne4', 'Daisy', 'Dog', 'None'),
('rshilvocke', 'Molly', 'Dog', 'None'),
('jmaddysonh', 'Jack', 'Dog', 'None'),
('aachesonj', 'Duke', 'Dog', 'None'),
('kjakoubec5', 'Oliver', 'Cat', 'None'),
('mpepperrall8', 'Maple', 'Cat', 'None'),
('acallera', 'Tyler', 'Cat', 'None'),
('dspurretf', 'Loki', 'Cat', 'None'),
('emacneilage1', 'Buddy', 'Cat', 'None');

INSERT INTO specify_trf_pref (care_taker_username, trf_mthd) VALUES 
('acallera', 'Car'),
('dfridayb', 'Car'),
('ashipperbottomc', 'Cycle'),
('agobled', 'Bike'),
('rshilvocke', 'Bike'),
('dspurretf', 'Car'),
('lloadwickg', 'Cycle'),
('jmaddysonh', 'Car'),
('gniavei', 'Car'),
('aachesonj', 'Car'),
('sollicitudin', 'Bike'),
('accumsan', 'Car'),
('lacinia', 'Bike'),
('dignissim', 'Car'),
('praesen', 'Bike');



/* TO BE CONFIRMED */
INSERT INTO pay (care_taker_username, pcs_admin_username, bonus, date) VALUES
('acallera', 'agloyensa', 0, '2020-10-30'),
('dfridayb', 'miannellob', 0, '2020-10-30'),
('ashipperbottomc', 'wrosemanc', 0, '2020-10-30'),
('agobled', 'hmayzed', 0, '2020-10-30'),
('rshilvocke', 'srummerye', 0, '2020-10-30'),
('dspurretf', 'fpalumbof', 0, '2020-10-30'),
('lloadwickg', 'chanfreyg', 0, '2020-10-30'),
('jmaddysonh', 'pbrahanh', 0, '2020-10-30'),
('gniavei', 'pgornari', 0, '2020-10-30'),
('aachesonj', 'wrosemanc', 0, '2020-10-30'),
('sollicitudin', 'ornare',10, '2020-12-11'),
('accumsan', 'ligula', 10, '2020-12-12'),
('lacinia', 'sociosqu', 10, '2020-12-13'),
('dignissim', 'blandit', 10, '2020-12-14'),
('praesen', 'facilisis',10, '2020-12-15');


INSERT INTO has_price_list (care_taker_username, ptype, price) VALUES 
('acallera', 'Dog', 5),
('acallera', 'Cat', 5),
('dfridayb', 'Dog', 5),
('ashipperbottomc', 'Dog', 5),
('ashipperbottomc', 'Cat', 5),
('agobled', 'Dog', 5),
('agobled', 'Cat', 5),
('rshilvocke', 'Dog', 5),
('dspurretf', 'Dog', 5),
('lloadwickg', 'Cat', 5),
('jmaddysonh', 'Cat', 5),
('gniavei', 'Cat', 5),
('aachesonj', 'Cat', 5),
('sollicitudin', 'Cat', 10),
('sollicitudin', 'Dog', 10),
('accumsan', 'Cat', 10),
('lacinia', 'Cat', 10),
('lacinia', 'Dog', 10),
('dignissim', 'Cat', 15),
('praesen', 'Cat', 15);


INSERT INTO specify (pcs_admin_username, care_taker_username, ptype, price) VALUES 
('agloyensa', 'acallera', 'Dog', 5),
('agloyensa', 'acallera', 'Cat', 5),
('miannellob', 'dfridayb', 'Dog', 5),
('wrosemanc', 'ashipperbottomc', 'Dog', 5),
('wrosemanc', 'ashipperbottomc', 'Cat', 5),
('hmayzed', 'agobled', 'Dog', 5),
('hmayzed', 'agobled', 'Cat', 5),
('srummerye', 'rshilvocke', 'Dog', 5),
('fpalumbof', 'dspurretf', 'Dog', 5),
('chanfreyg', 'lloadwickg', 'Cat', 5),
('pbrahanh', 'jmaddysonh', 'Cat', 5),
('pgornari', 'gniavei', 'Cat', 5),
('wrosemanc', 'aachesonj', 'Cat', 5),
('ornare', 'sollicitudin', 'Cat', 10),
('ornare', 'sollicitudin', 'Dog', 10),
('ligula', 'accumsan', 'Cat', 10),
('sociosqu', 'lacinia', 'Cat', 10),
('sociosqu', 'lacinia', 'Dog', 10),
('blandit', 'dignissim', 'Cat', 15),
('facilisis','praesen', 'Cat', 15);


INSERT INTO has_availability (care_taker_username, s_date, s_time, e_time) VALUES
('acallera', '2020-11-07', '08:00', '20:00'),
('acallera', '2020-11-08', '08:00', '20:00'),
('acallera', '2020-11-09', '08:00', '20:00'),
('acallera', '2020-11-10', '08:00', '20:00'),
('acallera', '2020-11-11', '08:00', '20:00'),
('acallera', '2020-11-12', '08:00', '20:00'),
('acallera', '2020-11-13', '08:00', '20:00'),
('acallera', '2020-11-14', '08:00', '20:00'),
('acallera', '2020-11-15', '08:00', '20:00'),
('acallera', '2020-11-16', '08:00', '20:00'),
('acallera', '2020-11-17', '08:00', '20:00'),
('acallera', '2020-11-18', '08:00', '20:00'),
('acallera', '2020-11-19', '08:00', '20:00'),
('acallera', '2020-11-20', '08:00', '20:00'),
('acallera', '2020-11-21', '08:00', '20:00'),
('acallera', '2020-11-22', '08:00', '20:00'),
('acallera', '2020-11-23', '08:00', '20:00'),
('acallera', '2020-11-24', '08:00', '20:00'),
('acallera', '2020-11-25', '08:00', '20:00'),
('acallera', '2020-11-26', '08:00', '20:00'),
('acallera', '2020-11-27', '08:00', '20:00'),
('acallera', '2020-11-28', '08:00', '20:00'),
('acallera', '2020-11-29', '08:00', '20:00'),
('acallera', '2020-11-30', '08:00', '20:00'),
('acallera', '2020-12-01', '08:00', '20:00'),
('acallera', '2020-12-02', '08:00', '20:00'),
('acallera', '2020-12-03', '08:00', '20:00'),
('acallera', '2020-12-04', '08:00', '20:00'),
('acallera', '2020-12-05', '08:00', '20:00'),
('acallera', '2020-12-06', '08:00', '20:00'),
('acallera', '2020-12-07', '08:00', '20:00'),
('dfridayb', '2020-11-07', '08:00', '20:00'),
('dfridayb', '2020-11-08', '08:00', '20:00'),
('dfridayb', '2020-11-09', '08:00', '20:00'),
('dfridayb', '2020-11-10', '08:00', '20:00'),
('dfridayb', '2020-11-11', '08:00', '20:00'),
('dfridayb', '2020-11-12', '08:00', '20:00'),
('dfridayb', '2020-11-13', '08:00', '20:00'),
('dfridayb', '2020-11-14', '08:00', '20:00'),
('dfridayb', '2020-11-15', '08:00', '20:00'),
('dfridayb', '2020-11-16', '08:00', '20:00'),
('dfridayb', '2020-11-17', '08:00', '20:00'),
('dfridayb', '2020-11-18', '08:00', '20:00'),
('dfridayb', '2020-11-19', '08:00', '20:00'),
('dfridayb', '2020-11-20', '08:00', '20:00'),
('dfridayb', '2020-11-21', '08:00', '20:00'),
('dfridayb', '2020-11-22', '08:00', '20:00'),
('dfridayb', '2020-11-23', '08:00', '20:00'),
('dfridayb', '2020-11-24', '08:00', '20:00'),
('dfridayb', '2020-11-25', '08:00', '20:00'),
('dfridayb', '2020-11-26', '08:00', '20:00'),
('dfridayb', '2020-11-27', '08:00', '20:00'),
('dfridayb', '2020-11-28', '08:00', '20:00'),
('dfridayb', '2020-11-29', '08:00', '20:00'),
('dfridayb', '2020-11-30', '08:00', '20:00'),
('dfridayb', '2020-12-01', '08:00', '20:00'),
('dfridayb', '2020-12-02', '08:00', '20:00'),
('dfridayb', '2020-12-03', '08:00', '20:00'),
('dfridayb', '2020-12-04', '08:00', '20:00'),
('dfridayb', '2020-12-05', '08:00', '20:00'),
('dfridayb', '2020-12-06', '08:00', '20:00'),
('dfridayb', '2020-12-07', '08:00', '20:00'),
('ashipperbottomc', '2020-11-07', '08:00', '20:00'),
('ashipperbottomc', '2020-11-08', '08:00', '20:00'),
('ashipperbottomc', '2020-11-09', '08:00', '20:00'),
('ashipperbottomc', '2020-11-10', '08:00', '20:00'),
('ashipperbottomc', '2020-11-11', '08:00', '20:00'),
('ashipperbottomc', '2020-11-12', '08:00', '20:00'),
('ashipperbottomc', '2020-11-13', '08:00', '20:00'),
('ashipperbottomc', '2020-11-14', '08:00', '20:00'),
('ashipperbottomc', '2020-11-15', '08:00', '20:00'),
('ashipperbottomc', '2020-11-16', '08:00', '20:00'),
('ashipperbottomc', '2020-11-17', '08:00', '20:00'),
('ashipperbottomc', '2020-11-18', '08:00', '20:00'),
('ashipperbottomc', '2020-11-19', '08:00', '20:00'),
('ashipperbottomc', '2020-11-20', '08:00', '20:00'),
('ashipperbottomc', '2020-11-21', '08:00', '20:00'),
('ashipperbottomc', '2020-11-22', '08:00', '20:00'),
('ashipperbottomc', '2020-11-23', '08:00', '20:00'),
('ashipperbottomc', '2020-11-24', '08:00', '20:00'),
('ashipperbottomc', '2020-11-25', '08:00', '20:00'),
('ashipperbottomc', '2020-11-26', '08:00', '20:00'),
('ashipperbottomc', '2020-11-27', '08:00', '20:00'),
('ashipperbottomc', '2020-11-28', '08:00', '20:00'),
('ashipperbottomc', '2020-11-29', '08:00', '20:00'),
('ashipperbottomc', '2020-11-30', '08:00', '20:00'),
('ashipperbottomc', '2020-12-01', '08:00', '20:00'),
('ashipperbottomc', '2020-12-02', '08:00', '20:00'),
('ashipperbottomc', '2020-12-03', '08:00', '20:00'),
('ashipperbottomc', '2020-12-04', '08:00', '20:00'),
('ashipperbottomc', '2020-12-05', '08:00', '20:00'),
('ashipperbottomc', '2020-12-06', '08:00', '20:00'),
('ashipperbottomc', '2020-12-07', '08:00', '20:00'),
('agobled', '2020-11-07', '08:00', '20:00'),
('agobled', '2020-11-08', '08:00', '20:00'),
('agobled', '2020-11-09', '08:00', '20:00'),
('agobled', '2020-11-10', '08:00', '20:00'),
('agobled', '2020-11-11', '08:00', '20:00'),
('agobled', '2020-11-12', '08:00', '20:00'),
('agobled', '2020-11-13', '08:00', '20:00'),
('agobled', '2020-11-14', '08:00', '20:00'),
('agobled', '2020-11-15', '08:00', '20:00'),
('agobled', '2020-11-16', '08:00', '20:00'),
('agobled', '2020-11-17', '08:00', '20:00'),
('agobled', '2020-11-18', '08:00', '20:00'),
('agobled', '2020-11-19', '08:00', '20:00'),
('agobled', '2020-11-20', '08:00', '20:00'),
('agobled', '2020-11-21', '08:00', '20:00'),
('agobled', '2020-11-22', '08:00', '20:00'),
('agobled', '2020-11-23', '08:00', '20:00'),
('agobled', '2020-11-24', '08:00', '20:00'),
('agobled', '2020-11-25', '08:00', '20:00'),
('agobled', '2020-11-26', '08:00', '20:00'),
('agobled', '2020-11-27', '08:00', '20:00'),
('agobled', '2020-11-28', '08:00', '20:00'),
('agobled', '2020-11-29', '08:00', '20:00'),
('agobled', '2020-11-30', '08:00', '20:00'),
('agobled', '2020-12-01', '08:00', '20:00'),
('agobled', '2020-12-02', '08:00', '20:00'),
('agobled', '2020-12-03', '08:00', '20:00'),
('agobled', '2020-12-04', '08:00', '20:00'),
('agobled', '2020-12-05', '08:00', '20:00'),
('agobled', '2020-12-06', '08:00', '20:00'),
('agobled', '2020-12-07', '08:00', '20:00'),
('rshilvocke', '2020-11-07', '08:00', '20:00'),
('rshilvocke', '2020-11-08', '08:00', '20:00'),
('rshilvocke', '2020-11-09', '08:00', '20:00'),
('rshilvocke', '2020-11-10', '08:00', '20:00'),
('rshilvocke', '2020-11-11', '08:00', '20:00'),
('rshilvocke', '2020-11-12', '08:00', '20:00'),
('rshilvocke', '2020-11-13', '08:00', '20:00'),
('rshilvocke', '2020-11-14', '08:00', '20:00'),
('rshilvocke', '2020-11-15', '08:00', '20:00'),
('rshilvocke', '2020-11-16', '08:00', '20:00'),
('rshilvocke', '2020-11-17', '08:00', '20:00'),
('rshilvocke', '2020-11-18', '08:00', '20:00'),
('rshilvocke', '2020-11-19', '08:00', '20:00'),
('rshilvocke', '2020-11-20', '08:00', '20:00'),
('rshilvocke', '2020-11-21', '08:00', '20:00'),
('rshilvocke', '2020-11-22', '08:00', '20:00'),
('rshilvocke', '2020-11-23', '08:00', '20:00'),
('rshilvocke', '2020-11-24', '08:00', '20:00'),
('rshilvocke', '2020-11-25', '08:00', '20:00'),
('rshilvocke', '2020-11-26', '08:00', '20:00'),
('rshilvocke', '2020-11-27', '08:00', '20:00'),
('rshilvocke', '2020-11-28', '08:00', '20:00'),
('rshilvocke', '2020-11-29', '08:00', '20:00'),
('rshilvocke', '2020-11-30', '08:00', '20:00'),
('rshilvocke', '2020-12-01', '08:00', '20:00'),
('rshilvocke', '2020-12-02', '08:00', '20:00'),
('rshilvocke', '2020-12-03', '08:00', '20:00'),
('rshilvocke', '2020-12-04', '08:00', '20:00'),
('rshilvocke', '2020-12-05', '08:00', '20:00'),
('rshilvocke', '2020-12-06', '08:00', '20:00'),
('rshilvocke', '2020-12-07', '08:00', '20:00'),
('dspurretf', '2020-11-07', '08:00', '10:00'),
('dspurretf', '2020-11-08', '08:00', '10:00'),
('dspurretf', '2020-11-09', '10:00', '12:00'),
('dspurretf', '2020-11-10', '12:00', '14:00'),
('dspurretf', '2020-11-11', '12:00', '14:00'),
('dspurretf', '2020-11-12', '10:00', '12:00'),
('dspurretf', '2020-11-13', '14:00', '16:00'),
('dspurretf', '2020-11-14', '16:00', '18:00'),
('dspurretf', '2020-11-15', '10:00', '12:00'),
('dspurretf', '2020-11-16', '08:00', '10:00'),
('dspurretf', '2020-11-17', '12:00', '14:00'),
('dspurretf', '2020-11-18', '08:00', '10:00'),
('lloadwickg', '2020-11-07', '10:00', '12:00'),
('lloadwickg', '2020-11-19', '10:00', '12:00'),
('lloadwickg', '2020-11-20', '08:00', '10:00'),
('lloadwickg', '2020-11-21', '18:00', '20:00'),
('lloadwickg', '2020-11-22', '12:00', '14:00'),
('lloadwickg', '2020-11-23', '10:00', '12:00'),
('jmaddysonh', '2020-11-07', '08:00', '10:00'),
('jmaddysonh', '2020-11-24', '08:00', '10:00'),
('jmaddysonh', '2020-11-25', '18:00', '20:00'),
('jmaddysonh', '2020-11-26', '08:00', '10:00'),
('jmaddysonh', '2020-11-27', '08:00', '10:00'),
('jmaddysonh', '2020-11-28', '12:00', '14:00'),
('jmaddysonh', '2020-11-29', '08:00', '10:00'),
('jmaddysonh', '2020-11-30', '10:00', '12:00'),
('jmaddysonh', '2020-12-01', '18:00', '20:00'),
('jmaddysonh', '2020-12-02', '08:00', '10:00'),
('gniavei', '2020-12-07', '08:00', '10:00'),
('gniavei', '2020-12-03', '08:00', '10:00'),
('gniavei', '2020-12-04', '10:00', '12:00'),
('gniavei', '2020-12-05', '18:00', '20:00'),
('gniavei', '2020-12-06', '08:00', '10:00'),
('gniavei', '2020-12-07', '16:00', '18:00'),
('gniavei', '2020-12-08', '14:00', '16:00'),
('gniavei', '2020-12-09', '16:00', '18:00'),
('gniavei', '2020-12-10', '16:00', '18:00'),
('aachesonj', '2020-11-07', '10:00', '12:00'),
('aachesonj', '2020-11-12', '10:00', '12:00'),
('aachesonj', '2020-11-13', '14:00', '16:00'),
('aachesonj', '2020-11-14', '16:00', '18:00'),
('aachesonj', '2020-11-15', '10:00', '12:00'),
('aachesonj', '2020-11-16', '08:00', '10:00'),
('aachesonj', '2020-11-17', '12:00', '14:00'),
('aachesonj', '2020-11-18', '08:00', '10:00'),
('aachesonj', '2020-11-19', '10:00', '12:00'),
('aachesonj', '2020-11-20', '08:00', '10:00'),
('aachesonj', '2020-11-21', '18:00', '20:00'),
('sollicitudin', '2020-11-07', '08:00', '20:00'),
('sollicitudin', '2020-11-08', '08:00', '20:00'),
('sollicitudin', '2020-11-09', '08:00', '20:00'),
('sollicitudin', '2020-11-10', '08:00', '20:00'),
('sollicitudin', '2020-11-11', '08:00', '20:00'),
('sollicitudin', '2020-11-12', '08:00', '20:00'),
('sollicitudin', '2020-11-13', '08:00', '20:00'),
('sollicitudin', '2020-11-14', '08:00', '20:00'),
('sollicitudin', '2020-11-15', '08:00', '20:00'),
('sollicitudin', '2020-11-16', '08:00', '20:00'),
('sollicitudin', '2020-11-17', '08:00', '20:00'),
('sollicitudin', '2020-11-18', '08:00', '20:00'),
('sollicitudin', '2020-11-19', '08:00', '20:00'),
('sollicitudin', '2020-11-20', '08:00', '20:00');


INSERT INTO does_service (care_taker_username, svc_type) VALUES 
('acallera', 'Pet Grooming'),
('dfridayb', 'Pet Grooming'),
('ashipperbottomc', 'Pet Grooming'),
('agobled', 'Pet Grooming'),
('rshilvocke', 'Pet Grooming'),
('dspurretf', 'Pet Grooming'),
('lloadwickg', 'Pet Grooming'),
('jmaddysonh', 'Pet Grooming'),
('gniavei', 'Pet Grooming'),
('aachesonj', 'Pet Grooming'),
('acallera', 'Full Day Pet Care'),
('dfridayb', 'Full Day Pet Care'),
('ashipperbottomc', 'Full Day Pet Care'),
('agobled', 'Full Day Pet Care'),
('rshilvocke', 'Full Day Pet Care'),
('dspurretf', 'Full Day Pet Care'),
('lloadwickg', 'Full Day Pet Care'),
('jmaddysonh', 'Full Day Pet Care'),
('gniavei', 'Full Day Pet Care'),
('aachesonj', 'Full Day Pet Care'),
('sollicitudin', 'Pet Grooming'),
('sollicitudin', 'Full Day Pet Care'),
('accumsan', 'Pet Grooming'),
('lacinia', 'Pet Grooming'),
('dignissim', 'Pet Grooming'),
('dignissim', 'Full Day Pet Care'),
('praesen', 'Pet Grooming');


/* TO BE CONFIRMED */
INSERT INTO bid (care_taker_username, s_date, s_time, e_time, name, pet_owner_username, review, price, trf_mthd, pay_type, rating, successful, svc_type) VALUES
('acallera', '2020-11-08', '08:00', '20:00', 'Milo', 'deverix0', 'Ardyce is a really good caretaker and took good care of Milo!', 50, 'Car', 'Credit Card', 5, TRUE, 'Full Day Pet Care'),
('dfridayb', '2020-11-08', '08:00', '20:00', 'Charlie', 'fgarnul3', 'Domenic took good care of Charlie! Good job!', 50, 'Car', 'Credit Card', 5, TRUE, 'Full Day Pet Care'),
('ashipperbottomc', '2020-11-08', '08:00', '20:00', 'Luna', 'glefwich6', 'Aldrich is a really good caretaker!', 50, 'Cycle', 'Credit Card', 5, TRUE, 'Full Day Pet Care'),
('agobled', '2020-11-08', '08:00', '20:00', 'Max', 'khuggins7', 'Antonio is really detailed and caring towards Max!', 50, 'Bike', 'Credit Card', 5, TRUE, 'Full Day Pet Care'),
('rshilvocke', '2020-11-08', '08:00', '20:00', 'Bailey', 'lbinny9', 'Robbi is a really qualified caretaker!', 50, 'Bike', 'Credit Card', 5, TRUE, 'Full Day Pet Care'),
('dspurretf', '2020-11-07', '08:00', '10:00', 'Cooper', 'bbeare2', 'Derrick is the best sitter I have ever encountered!' , 50, 'Car', 'Credit Card', 5, TRUE, 'Pet Grooming'),
('lloadwickg', '2020-11-07', '10:00', '12:00', 'Oliver', 'kjakoubec5', 'Lari deserves more recognition. She took really good care of Oliver!' , 50, 'Cycle', 'Credit Card', 5, TRUE, 'Pet Grooming'),
('jmaddysonh', '2020-11-07', '08:00', '10:00', 'Molly', 'rshilvocke', 'Joana is definitely a qualified sitter. Do book her if you can!' , 50, 'Car', 'Credit Card', 5, TRUE, 'Pet Grooming'),
('gniavei', '2020-12-07', '08:00', '10:00', 'Daisy', 'lverne4', ' Gardy is my favourite sitter. Thank you for taking care of Daisy!' , 50, 'Car', 'Credit Card', 5, TRUE, 'Pet Grooming'),
('aachesonj', '2020-11-07', '10:00', '12:00', 'Buddy', 'emacneilage1', 'Amory did a really good job! Would book her as my sitter again!' , 50, 'Car', 'Credit Card', 5, TRUE, 'Pet Grooming'),
('sollicitudin', '2020-11-08', '08:00', '20:00', 'Buddy', 'emacneilage1', 'Sollicitudin poorly took care of buddy!', 50, 'Car', 'jcb', 0, TRUE, 'Full Day Pet Care'),
('sollicitudin', '2020-11-09', '08:00', '20:00', 'Buddy', 'emacneilage1', 'I do not recommend this caretaker!', 50, 'Car', 'jcb', 1, TRUE, 'Full Day Pet Care'),
('sollicitudin', '2020-11-10', '08:00', '20:00', 'Buddy', 'emacneilage1', 'Sollicitudin poorly took care of buddy!', 50, 'Car', 'jcb', 1, TRUE, 'Full Day Pet Care'),
('sollicitudin', '2020-11-11', '08:00', '20:00', 'Buddy', 'emacneilage1', 'I do not recommend this caretaker!', 50, 'Car', 'jcb', 2, TRUE, 'Full Day Pet Care');
